statistic	p.value	parameter	method	k
7.68576375004023	0.9993484328014327	24	Chi-squared test for given probabilities	1
6.651422283719532	0.9998167916104713	24	Chi-squared test for given probabilities	2
11.493213524593541	0.9850380328674054	24	Chi-squared test for given probabilities	3
17.799453560023835	0.8126271181994542	24	Chi-squared test for given probabilities	4
7.192779023947154	0.9996329189529107	24	Chi-squared test for given probabilities	5
