statistic	p.value	parameter	method	k
4.823946516423415	0.9999911234255056	24	Chi-squared test for given probabilities	1
4.875717708370828	0.9999901449104381	24	Chi-squared test for given probabilities	2
2.742111633908951	0.9999999738863031	24	Chi-squared test for given probabilities	3
3.8368365662757373	0.9999991081740459	24	Chi-squared test for given probabilities	4
1.3647958488870977	0.999999999988648	24	Chi-squared test for given probabilities	5
