statistic	p.value	parameter	method	k
1.6384749718021768e-22	1	2132	Chi-squared test for given probabilities	1
1.6421337690889736e-22	1	2132	Chi-squared test for given probabilities	2
2.9712036401198326e-12	0.9999999999999999	2132	Chi-squared test for given probabilities	3
8.424450137832407e-13	1	2132	Chi-squared test for given probabilities	4
1.3164571188651253e-6	0.9999999999999999	2132	Chi-squared test for given probabilities	5
