statistic	p.value	parameter	method	k
7.182254774495962	0.9996375994865584	24	Chi-squared test for given probabilities	1
3.548466192399674	0.9999996016751886	24	Chi-squared test for given probabilities	2
9.655675412919251	0.995826231103798	24	Chi-squared test for given probabilities	3
5.177006862101564	0.9999823510460908	24	Chi-squared test for given probabilities	4
9.083163096082014	0.9974129921040801	24	Chi-squared test for given probabilities	5
